<?xml version="1.0"?>
<PageAdminConfig xmlns:xsi="http://www.w3.org/2001/XMLSchema-instance" xmlns:xsd="http://www.w3.org/2001/XMLSchema">
  <Thumbnail>
    <Quality>80</Quality>
    <MinWidth>400</MinWidth>
    <MinHeight>400</MinHeight>
  </Thumbnail>
  <WaterMark>
    <Open>0</Open>
    <PicUrl>/e/images/watermark.gif</PicUrl>
    <FontText>pageadmin</FontText>
    <FontColor>#0938f7</FontColor>
    <FontStyle>3</FontStyle>
    <FontSize>16</FontSize>
    <FontType>Arial Black</FontType>
    <FontSite>9</FontSite>
    <Alpha>5</Alpha>
    <MinWidth>150</MinWidth>
    <MinHeight>150</MinHeight>
    <Quality>10</Quality>
    <UsedInEditor>1</UsedInEditor>
  </WaterMark>
  <Member>
    <PageSize>20</PageSize>
  </Member>
  <Master>
    <FieldPrefix>pa_</FieldPrefix>
  </Master>
</PageAdminConfig>