<?xml version="1.0" standalone="yes"?>
<Collection>
  <Fields field="title">
    <name>标题</name>
    <type>nvarchar</type>
    <maxlength>200</maxlength>
    <c_rules />
    <n_rules />
    <replace_rules />
  </Fields>
  <Fields field="pa_source">
    <name>来源</name>
    <type>nvarchar</type>
    <maxlength>200</maxlength>
    <c_rules />
    <n_rules />
    <replace_rules />
  </Fields>
  <Fields field="thedate">
    <name>发布日期</name>
    <type>datetime</type>
    <maxlength>200</maxlength>
    <c_rules />
    <n_rules />
    <replace_rules />
  </Fields>
  <Fields field="content">
    <name>内容</name>
    <type>ntext</type>
    <maxlength>0</maxlength>
    <c_rules />
    <n_rules />
    <replace_rules />
  </Fields>
</Collection>